{
  "POST - /api (1)" : {
    "transaction" : "POST - /api (1)",
    "sampleCount" : 30,
    "errorCount" : 0,
    "errorPct" : 0.0,
    "meanResTime" : 650.9666666666668,
    "minResTime" : 507.0,
    "maxResTime" : 1136.0,
    "pct1ResTime" : 866.8,
    "pct2ResTime" : 1005.6499999999999,
    "pct3ResTime" : 1136.0,
    "throughput" : 2.7462467960454044,
    "receivedKBytesPerSec" : 0.7536087399304284,
    "sentKBytesPerSec" : 0.6972892255584036
  },
  "POST - /api (10)" : {
    "transaction" : "POST - /api (10)",
    "sampleCount" : 3,
    "errorCount" : 0,
    "errorPct" : 0.0,
    "meanResTime" : 3386.3333333333335,
    "minResTime" : 2718.0,
    "maxResTime" : 3890.0,
    "pct1ResTime" : 3890.0,
    "pct2ResTime" : 3890.0,
    "pct3ResTime" : 3890.0,
    "throughput" : 0.295217476874631,
    "receivedKBytesPerSec" : 0.08101182715016729,
    "sentKBytesPerSec" : 0.07524586080495965
  },
  "POST - /api (20)" : {
    "transaction" : "POST - /api (20)",
    "sampleCount" : 3,
    "errorCount" : 0,
    "errorPct" : 0.0,
    "meanResTime" : 6051.0,
    "minResTime" : 5888.0,
    "maxResTime" : 6224.0,
    "pct1ResTime" : 6224.0,
    "pct2ResTime" : 6224.0,
    "pct3ResTime" : 6224.0,
    "throughput" : 0.16523463317911433,
    "receivedKBytesPerSec" : 0.04534270695637806,
    "sentKBytesPerSec" : 0.04211546802709848
  },
  "POST - /api (2)" : {
    "transaction" : "POST - /api (2)",
    "sampleCount" : 100,
    "errorCount" : 0,
    "errorPct" : 0.0,
    "meanResTime" : 1061.42,
    "minResTime" : 605.0,
    "maxResTime" : 2202.0,
    "pct1ResTime" : 1508.5000000000002,
    "pct2ResTime" : 1667.3999999999994,
    "pct3ResTime" : 2201.24,
    "throughput" : 5.199396869963085,
    "receivedKBytesPerSec" : 1.426787617636354,
    "sentKBytesPerSec" : 1.3201593615140643
  },
  "POST - /api (5)" : {
    "transaction" : "POST - /api (5)",
    "sampleCount" : 6,
    "errorCount" : 0,
    "errorPct" : 0.0,
    "meanResTime" : 1887.1666666666667,
    "minResTime" : 1350.0,
    "maxResTime" : 2707.0,
    "pct1ResTime" : 2707.0,
    "pct2ResTime" : 2707.0,
    "pct3ResTime" : 2707.0,
    "throughput" : 0.6851661527920521,
    "receivedKBytesPerSec" : 0.18801922747516273,
    "sentKBytesPerSec" : 0.173967968482357
  },
  "GET - /" : {
    "transaction" : "GET - /",
    "sampleCount" : 1000,
    "errorCount" : 0,
    "errorPct" : 0.0,
    "meanResTime" : 358.9860000000001,
    "minResTime" : 293.0,
    "maxResTime" : 865.0,
    "pct1ResTime" : 594.0,
    "pct2ResTime" : 598.0,
    "pct3ResTime" : 608.0,
    "throughput" : 74.18947993174568,
    "receivedKBytesPerSec" : 220.02592864363083,
    "sentKBytesPerSec" : 12.244162215297871
  },
  "POST - /api (25)" : {
    "transaction" : "POST - /api (25)",
    "sampleCount" : 3,
    "errorCount" : 0,
    "errorPct" : 0.0,
    "meanResTime" : 7343.666666666667,
    "minResTime" : 6788.0,
    "maxResTime" : 8294.0,
    "pct1ResTime" : 8294.0,
    "pct2ResTime" : 8294.0,
    "pct3ResTime" : 8294.0,
    "throughput" : 0.13616557734204796,
    "receivedKBytesPerSec" : 0.03736574925108933,
    "sentKBytesPerSec" : 0.03470626531862745
  },
  "Total" : {
    "transaction" : "Total",
    "sampleCount" : 1157,
    "errorCount" : 0,
    "errorPct" : 0.0,
    "meanResTime" : 785.000864304235,
    "minResTime" : 293.0,
    "maxResTime" : 60797.0,
    "pct1ResTime" : 771.4000000000001,
    "pct2ResTime" : 1209.2999999999997,
    "pct3ResTime" : 13233.180000000042,
    "throughput" : 1.1032191687429498,
    "receivedKBytesPerSec" : 2.868953867894034,
    "sentKBytesPerSec" : 0.19540580312829856
  },
  "POST - /api (200)" : {
    "transaction" : "POST - /api (200)",
    "sampleCount" : 1,
    "errorCount" : 0,
    "errorPct" : 0.0,
    "meanResTime" : 46738.0,
    "minResTime" : 46738.0,
    "maxResTime" : 46738.0,
    "pct1ResTime" : 46738.0,
    "pct2ResTime" : 46738.0,
    "pct3ResTime" : 46738.0,
    "throughput" : 0.021395866318627242,
    "receivedKBytesPerSec" : 0.005871326597201421,
    "sentKBytesPerSec" : 0.005474332983867517
  },
  "POST - /api (300)" : {
    "transaction" : "POST - /api (300)",
    "sampleCount" : 3,
    "errorCount" : 0,
    "errorPct" : 0.0,
    "meanResTime" : 50054.666666666664,
    "minResTime" : 43339.0,
    "maxResTime" : 60797.0,
    "pct1ResTime" : 60797.0,
    "pct2ResTime" : 60797.0,
    "pct3ResTime" : 60797.0,
    "throughput" : 0.019977092933436327,
    "receivedKBytesPerSec" : 0.005481995228804304,
    "sentKBytesPerSec" : 0.005111326512265935
  },
  "POST - /api (100)" : {
    "transaction" : "POST - /api (100)",
    "sampleCount" : 5,
    "errorCount" : 0,
    "errorPct" : 0.0,
    "meanResTime" : 24907.4,
    "minResTime" : 22792.0,
    "maxResTime" : 26412.0,
    "pct1ResTime" : 26412.0,
    "pct2ResTime" : 26412.0,
    "pct3ResTime" : 26412.0,
    "throughput" : 0.028882034219434142,
    "receivedKBytesPerSec" : 0.00792563634341894,
    "sentKBytesPerSec" : 0.007389739224113033
  },
  "POST - /api (50)" : {
    "transaction" : "POST - /api (50)",
    "sampleCount" : 3,
    "errorCount" : 0,
    "errorPct" : 0.0,
    "meanResTime" : 13494.666666666666,
    "minResTime" : 12990.0,
    "maxResTime" : 13925.0,
    "pct1ResTime" : 13925.0,
    "pct2ResTime" : 13925.0,
    "pct3ResTime" : 13925.0,
    "throughput" : 0.07409785857188728,
    "receivedKBytesPerSec" : 0.020333494393262035,
    "sentKBytesPerSec" : 0.01888627059302986
  }
}